{
  "student": {
    "name": "Lena Ference",
    "school": "Arizona State University",
    "major": "Accounting/Finance",
    "year": "Incoming Freshman",
    "eligibility": {
      "meritBased": true,
      "womenInAccounting": true,
      "lowIncome": false,
      "firstGen": false,
      "minority": false
    }
  },
  "scholarships": [
    {
      "id": 1,
      "name": "PCAOB Scholars Program",
      "organization": "PCAOB",
      "amount": 15000,
      "amountDisplay": "$15,000",
      "deadline": "2026-03-01",
      "deadlineType": "school-nomination",
      "effort": 2,
      "effortNotes": "School nomination required - contact ASU Accounting Dept",
      "requirements": ["3.3+ GPA or top 1/3 class", "Accounting major", "School nomination"],
      "url": "https://pcaobus.org/about/scholars-program",
      "status": "not_started",
      "priority": "HIGH",
      "eligibilityMatch": 100,
      "category": "accounting"
    },
    {
      "id": 2,
      "name": "GFOA Scholarships",
      "organization": "Government Finance Officers Association",
      "amount": 17500,
      "amountDisplay": "$5K-$30K",
      "deadline": "2026-02-28",
      "deadlineType": "fixed",
      "effort": 3,
      "effortNotes": "Essay + recommendations required",
      "requirements": ["Finance/Accounting major", "Essay", "2 recommendations"],
      "url": "https://www.gfoa.org/scholarship-program",
      "status": "not_started",
      "priority": "HIGH",
      "eligibilityMatch": 95,
      "category": "finance"
    },
    {
      "id": 3,
      "name": "Deloitte Foundation Scholarship",
      "organization": "Deloitte",
      "amount": 5000,
      "amountDisplay": "$5,000",
      "deadline": "2026-04-15",
      "deadlineType": "fixed",
      "effort": 3,
      "effortNotes": "Essay + strong academics",
      "requirements": ["Accounting major", "3.0+ GPA", "Essay"],
      "url": "https://www2.deloitte.com/us/en/pages/about-deloitte/articles/deloitte-foundation.html",
      "status": "not_started",
      "priority": "MEDIUM",
      "eligibilityMatch": 90,
      "category": "big4"
    },
    {
      "id": 4,
      "name": "AICPA Foundation Scholarship",
      "organization": "AICPA",
      "amount": 5000,
      "amountDisplay": "$5,000",
      "deadline": "2026-03-01",
      "deadlineType": "fixed",
      "effort": 3,
      "effortNotes": "Essay + transcript",
      "requirements": ["Accounting major", "3.0+ GPA", "AICPA student member"],
      "url": "https://www.aicpa.org/career/scholarships",
      "status": "not_started",
      "priority": "MEDIUM",
      "eligibilityMatch": 95,
      "category": "accounting"
    },
    {
      "id": 5,
      "name": "Arizona Society of CPAs Scholarship",
      "organization": "ASCPA",
      "amount": 3000,
      "amountDisplay": "$3,000",
      "deadline": "2026-04-01",
      "deadlineType": "fixed",
      "effort": 2,
      "effortNotes": "State-specific, less competition",
      "requirements": ["Arizona resident or ASU student", "Accounting major"],
      "url": "https://www.ascpa.com/scholarship",
      "status": "not_started",
      "priority": "HIGH",
      "eligibilityMatch": 100,
      "category": "state-cpa"
    },
    {
      "id": 6,
      "name": "EFWA Undergraduate Scholarship",
      "organization": "Educational Foundation for Women in Accounting",
      "amount": 4000,
      "amountDisplay": "$2K-$6K",
      "deadline": "2026-04-30",
      "deadlineType": "fixed",
      "effort": 3,
      "effortNotes": "Women in accounting focus",
      "requirements": ["Women", "Accounting major", "Essay"],
      "url": "https://www.efwa.org/scholarships",
      "status": "not_started",
      "priority": "HIGH",
      "eligibilityMatch": 100,
      "category": "women-accounting"
    },
    {
      "id": 7,
      "name": "Niche $25K No-Essay",
      "organization": "Niche",
      "amount": 25000,
      "amountDisplay": "$25,000",
      "deadline": "2026-03-31",
      "deadlineType": "monthly",
      "effort": 1,
      "effortNotes": "No essay - just profile",
      "requirements": ["Create Niche profile"],
      "url": "https://www.niche.com/colleges/scholarship/no-essay-scholarship/",
      "status": "not_started",
      "priority": "HIGH",
      "eligibilityMatch": 100,
      "category": "no-essay"
    },
    {
      "id": 8,
      "name": "Bold.org Be Bold",
      "organization": "Bold.org",
      "amount": 25000,
      "amountDisplay": "$25,000",
      "deadline": "2026-03-31",
      "deadlineType": "monthly",
      "effort": 1,
      "effortNotes": "No essay - profile based",
      "requirements": ["Create Bold.org profile"],
      "url": "https://bold.org/scholarships/the-be-bold-no-essay-scholarship/",
      "status": "not_started",
      "priority": "HIGH",
      "eligibilityMatch": 100,
      "category": "no-essay"
    },
    {
      "id": 9,
      "name": "PwC Scholarships",
      "organization": "PwC",
      "amount": 5000,
      "amountDisplay": "$5,000",
      "deadline": "2026-03-15",
      "deadlineType": "fixed",
      "effort": 3,
      "effortNotes": "Competitive Big 4 scholarship",
      "requirements": ["Accounting major", "3.5+ GPA preferred", "Essay"],
      "url": "https://www.pwc.com/scholarships",
      "status": "not_started",
      "priority": "MEDIUM",
      "eligibilityMatch": 85,
      "category": "big4"
    },
    {
      "id": 10,
      "name": "EY Access Your Potential",
      "organization": "Ernst & Young",
      "amount": 5000,
      "amountDisplay": "$5,000",
      "deadline": "2026-03-15",
      "deadlineType": "fixed",
      "effort": 3,
      "effortNotes": "Focus on diversity, but merit-based options",
      "requirements": ["Accounting/Finance major", "Essay", "Resume"],
      "url": "https://www.ey.com/en_us/careers/students/scholarships",
      "status": "not_started",
      "priority": "MEDIUM",
      "eligibilityMatch": 80,
      "category": "big4"
    },
    {
      "id": 11,
      "name": "KPMG Future Leaders Program",
      "organization": "KPMG",
      "amount": 10000,
      "amountDisplay": "$10,000",
      "deadline": "2026-04-01",
      "deadlineType": "fixed",
      "effort": 4,
      "effortNotes": "Multi-stage application process",
      "requirements": ["Accounting major", "3.5+ GPA", "Essay", "Interview"],
      "url": "https://www.kpmg.com/scholarships",
      "status": "not_started",
      "priority": "MEDIUM",
      "eligibilityMatch": 75,
      "category": "big4"
    },
    {
      "id": 12,
      "name": "IMA Student Scholarship",
      "organization": "Institute of Management Accountants",
      "amount": 7500,
      "amountDisplay": "Up to $7,500",
      "deadline": "2026-02-15",
      "deadlineType": "fixed",
      "effort": 2,
      "effortNotes": "IMA student membership required",
      "requirements": ["Accounting major", "IMA student member", "Short essay"],
      "url": "https://www.imanet.org/students/scholarships",
      "status": "not_started",
      "priority": "HIGH",
      "eligibilityMatch": 95,
      "category": "accounting"
    },
    {
      "id": 13,
      "name": "Moss Adams Ignite Scholarship",
      "organization": "Moss Adams",
      "amount": 2500,
      "amountDisplay": "$2,500",
      "deadline": "2026-03-31",
      "deadlineType": "fixed",
      "effort": 2,
      "effortNotes": "Regional firm, less competition",
      "requirements": ["Accounting major", "Essay"],
      "url": "https://www.mossadams.com/careers/scholarships",
      "status": "not_started",
      "priority": "MEDIUM",
      "eligibilityMatch": 90,
      "category": "accounting"
    },
    {
      "id": 14,
      "name": "RSM Power Your Education",
      "organization": "RSM",
      "amount": 5000,
      "amountDisplay": "$5,000",
      "deadline": "2026-04-15",
      "deadlineType": "fixed",
      "effort": 2,
      "effortNotes": "Mid-size firm scholarship",
      "requirements": ["Accounting major", "3.2+ GPA", "Essay"],
      "url": "https://rsmus.com/careers/students/scholarships",
      "status": "not_started",
      "priority": "MEDIUM",
      "eligibilityMatch": 90,
      "category": "accounting"
    },
    {
      "id": 15,
      "name": "ACFE Ritchie-Jennings Memorial",
      "organization": "Association of Certified Fraud Examiners",
      "amount": 5000,
      "amountDisplay": "$2K-$10K",
      "deadline": "2026-03-15",
      "deadlineType": "fixed",
      "effort": 3,
      "effortNotes": "Fraud examination focus",
      "requirements": ["Accounting/Finance major", "Essay on fraud examination career"],
      "url": "https://www.acfe.com/scholarship",
      "status": "not_started",
      "priority": "MEDIUM",
      "eligibilityMatch": 85,
      "category": "accounting"
    },
    {
      "id": 16,
      "name": "Forté Foundation Future Leaders",
      "organization": "Forté Foundation",
      "amount": 5000,
      "amountDisplay": "$5,000",
      "deadline": "2026-05-01",
      "deadlineType": "fixed",
      "effort": 3,
      "effortNotes": "Women in business focus",
      "requirements": ["Women", "Business major", "Essay", "Recommendations"],
      "url": "https://www.fortefoundation.org/scholarships",
      "status": "not_started",
      "priority": "HIGH",
      "eligibilityMatch": 95,
      "category": "women-business"
    },
    {
      "id": 17,
      "name": "Furst Honors Scholarship (W.P. Carey)",
      "organization": "ASU W.P. Carey School",
      "amount": 10000,
      "amountDisplay": "$10,000",
      "deadline": "2026-02-01",
      "deadlineType": "fixed",
      "effort": 3,
      "effortNotes": "ASU-specific, high value",
      "requirements": ["ASU W.P. Carey student", "3.5+ GPA", "Application"],
      "url": "https://wpcarey.asu.edu/scholarships",
      "status": "not_started",
      "priority": "HIGH",
      "eligibilityMatch": 100,
      "category": "asu-specific"
    },
    {
      "id": 18,
      "name": "Beta Alpha Psi National",
      "organization": "Beta Alpha Psi",
      "amount": 3000,
      "amountDisplay": "Varies",
      "deadline": "2026-04-15",
      "deadlineType": "fixed",
      "effort": 2,
      "effortNotes": "Join BAP chapter at ASU",
      "requirements": ["BAP member", "Accounting major"],
      "url": "https://www.bap.org/scholarships",
      "status": "not_started",
      "priority": "MEDIUM",
      "eligibilityMatch": 90,
      "category": "honor-society"
    },
    {
      "id": 19,
      "name": "Ascend Leadership Scholarship",
      "organization": "Ascend",
      "amount": 2500,
      "amountDisplay": "$2,500",
      "deadline": "2026-04-30",
      "deadlineType": "fixed",
      "effort": 2,
      "effortNotes": "Pan-Asian focus but open to all",
      "requirements": ["Business/Accounting major", "Leadership essay"],
      "url": "https://www.ascendleadership.org/scholarships",
      "status": "not_started",
      "priority": "LOW",
      "eligibilityMatch": 60,
      "category": "leadership"
    },
    {
      "id": 20,
      "name": "Scholarships360 No-Essay",
      "organization": "Scholarships360",
      "amount": 10000,
      "amountDisplay": "$10,000",
      "deadline": "2026-03-31",
      "deadlineType": "monthly",
      "effort": 1,
      "effortNotes": "Quick apply - no essay",
      "requirements": ["Create profile"],
      "url": "https://scholarships360.org/scholarships/no-essay/",
      "status": "not_started",
      "priority": "HIGH",
      "eligibilityMatch": 100,
      "category": "no-essay"
    }
  ]
}
